{
  "run_id": "20251203_045843",
  "timestamp": "2025-12-03T04:59:29.060301",
  "tasks": {
    "total": 1,
    "completed": 1,
    "failed": 0,
    "success_rate": 1.0
  },
  "cost": {
    "total_usd": 0.078984
  },
  "duration_seconds": 45.513526
}