{
  "run_id": "20251203_055124",
  "timestamp": "2025-12-03T05:55:12.588910",
  "tasks": {
    "total": 10,
    "completed": 10,
    "failed": 0,
    "success_rate": 1.0
  },
  "cost": {
    "total_usd": 1.5616829999999995
  },
  "duration_seconds": 228.206459
}