{
  "run_id": "20251203_051452",
  "timestamp": "2025-12-03T05:15:38.717541",
  "tasks": {
    "total": 1,
    "completed": 1,
    "failed": 0,
    "success_rate": 1.0
  },
  "cost": {
    "total_usd": 0.083358
  },
  "duration_seconds": 45.707543
}