{
  "run_id": "20251203_045750",
  "timestamp": "2025-12-03T04:58:35.603081",
  "tasks": {
    "total": 1,
    "completed": 1,
    "failed": 0,
    "success_rate": 1.0
  },
  "cost": {
    "total_usd": 0.07924800000000001
  },
  "duration_seconds": 44.818545
}